Workbook

Sheet 표지
B2: 테스트 시나리오 작성 서식
B4: Test Scenario Template
B7: 구분 | C7: 화면설계서 기반 테스트 시나리오 (공통 서식)
B8: 대상 화면설계서 | C8: 예) 땡겨요_○○○_v0.0_YYYYMMDD.pdf
B9: 버전 | C9: v1.0
B10: 작성자
B11: 작성일 | C11: YYYY-MM-DD
B12: 검토자
B13: 승인자
B14: 비고 | C14: 본 파일은 신규 테스트 시나리오 작성 시 사용하는 공통 서식입니다. '테스트 시나리오' 탭의 예시 행을 참고하여 실제 내용으로 교체해 주세요.

Sheet 변경 히스토리
B2: Ver | C2: 작성자 | D2: 변경 내역 | E2: 날짜
B3: v1.0 | C3: (예시) 홍길동 | D3: (예시) PPT 화면설계서 기반 테스트 시나리오 최초 작성 | E3: YYYY-MM-DD

Sheet 요약 대시보드
B2: 테스트 시나리오 요약 대시보드
B4: ※ '테스트 시나리오' 탭에 데이터가 입력되면 아래 지표가 자동으로 갱신됩니다.
B6: 전체 테스트 스텝 수 | D6: Android 결과 O / X | F6: iOS 결과 O / X
B7: =COUNTA('테스트 시나리오'!$D$4:$D$300) -> 3 | D7: =COUNTIF('테스트 시나리오'!$E$4:$E$300,"O")&" / "&COUNTIF('테스트 시나리오'!$E$4:$E$300,"X") -> 0 / 0 | F7: =COUNTIF('테스트 시나리오'!$F$4:$F$300,"O")&" / "&COUNTIF('테스트 시나리오'!$F$4:$F$300,"X") -> 0 / 0
B10: 심각도별 건수 (Severity)
B11: 항목 | C11: 건수 | D11: 비율
B12: Blocker | C12: =COUNTIF('테스트 시나리오'!$G$4:$G$300,"Blocker") -> 0 | D12: =IF(MAX($C$12,$C$13,$C$14,$C$15,$C$16)=0,"",REPT("■",ROUND(C12/MAX($C$12,$C$13,$C$14,$C$15,$C$16)*10,0)))
B13: Critical | C13: =COUNTIF('테스트 시나리오'!$G$4:$G$300,"Critical") -> 0 | D13: =IF(MAX($C$12,$C$13,$C$14,$C$15,$C$16)=0,"",REPT("■",ROUND(C13/MAX($C$12,$C$13,$C$14,$C$15,$C$16)*10,0)))
B14: Major | C14: =COUNTIF('테스트 시나리오'!$G$4:$G$300,"Major") -> 0 | D14: =IF(MAX($C$12,$C$13,$C$14,$C$15,$C$16)=0,"",REPT("■",ROUND(C14/MAX($C$12,$C$13,$C$14,$C$15,$C$16)*10,0)))
B15: Minor | C15: =COUNTIF('테스트 시나리오'!$G$4:$G$300,"Minor") -> 0 | D15: =IF(MAX($C$12,$C$13,$C$14,$C$15,$C$16)=0,"",REPT("■",ROUND(C15/MAX($C$12,$C$13,$C$14,$C$15,$C$16)*10,0)))
B16: Trivial | C16: =COUNTIF('테스트 시나리오'!$G$4:$G$300,"Trivial") -> 0 | D16: =IF(MAX($C$12,$C$13,$C$14,$C$15,$C$16)=0,"",REPT("■",ROUND(C16/MAX($C$12,$C$13,$C$14,$C$15,$C$16)*10,0)))
B18: 우선순위별 건수 (Priority)
B19: 항목 | C19: 건수 | D19: 비율
B20: P1 | C20: =COUNTIF('테스트 시나리오'!$P$4:$P$300,"P1") -> 0 | D20: =IF(MAX($C$20,$C$21,$C$22,$C$23)=0,"",REPT("■",ROUND(C20/MAX($C$20,$C$21,$C$22,$C$23)*10,0)))
B21: P2 | C21: =COUNTIF('테스트 시나리오'!$P$4:$P$300,"P2") -> 0 | D21: =IF(MAX($C$20,$C$21,$C$22,$C$23)=0,"",REPT("■",ROUND(C21/MAX($C$20,$C$21,$C$22,$C$23)*10,0)))
B22: P3 | C22: =COUNTIF('테스트 시나리오'!$P$4:$P$300,"P3") -> 0 | D22: =IF(MAX($C$20,$C$21,$C$22,$C$23)=0,"",REPT("■",ROUND(C22/MAX($C$20,$C$21,$C$22,$C$23)*10,0)))
B23: P4 | C23: =COUNTIF('테스트 시나리오'!$P$4:$P$300,"P4") -> 0 | D23: =IF(MAX($C$20,$C$21,$C$22,$C$23)=0,"",REPT("■",ROUND(C23/MAX($C$20,$C$21,$C$22,$C$23)*10,0)))
B25: 시나리오 단계별 스텝 수
B26: ※ '테스트 시나리오' 탭 B열의 각 단계명을 그대로 옮겨 적으면 자동 집계됩니다 (예시 3행 반영).
B27: 항목 | C27: 건수 | D27: 비율
B28: 1. (예시) 화면명 A | C28: =COUNTIF('테스트 시나리오'!$B$4:$B$300,"1. (예시) 화면명 A") -> 1 | D28: =IF(MAX($C$28,$C$29)=0,"",REPT("■",ROUND(C28/MAX($C$28,$C$29)*10,0))) -> ■■■■■■■■■■
B29: 2. (예시) 화면명 B | C29: =COUNTIF('테스트 시나리오'!$B$4:$B$300,"2. (예시) 화면명 B") -> 1 | D29: =IF(MAX($C$28,$C$29)=0,"",REPT("■",ROUND(C29/MAX($C$28,$C$29)*10,0))) -> ■■■■■■■■■■

Sheet 테스트 시나리오
B2: 시나리오 단계 | C2: 페이지NO/페이지명 | D2: 예상결과 | E2: 테스트 결과 | G2: 심각도 | H2: 오류내용 | I2: 오류·수정사항 구분 | L2: 수정 필요 파트 | P2: 우선순위 | Q2: Jira 티켓 ID | R2: 환경 | S2: 재현율 | T2: QA 담당자 | U2: Dev 담당자 | V2: 수정완료 | W2: 비고
E3: Android | F3: iOS | I3: 에러 | J3: 변경 | K3: 미적용 | L3: 기획 | M3: 디자인 | N3: 마크업 | O3: 개발
B4: 1. (예시) 화면명 A | C4: ----- 화면ID 화면명 | D4: (예시) 기능 단위로 묶은 하나의 조작 흐름을 능동태·현재형으로 서술한다. - (예시) 정상 케이스에서 기대되는 동작을 서술한다. - (예시) 필수값 미입력 등 예외 케이스에서 기대되는 동작을 서술한다. - [추가 확인 필요] 설계서에 명시되지 않아 추가 확인이 필요한 내용은 이렇게 표기한다.
D5: (예시) 같은 화면(Stage)의 다음 기능 단위 스텝을 이어서 작성한다. - (예시) 네트워크 오류, 세션 만료, 뒤로가기 등 공통 예외 케이스를 반영한다.
B6: 2. (예시) 화면명 B | D6: (예시) 새로운 화면으로 넘어가면 시나리오 단계 번호를 이어서 증가시킨다. - (예시) 리스트 화면의 경우 빈 상태(No data)·로딩 실패 케이스를 반드시 포함한다.

Sheet 범례 및 작성가이드
B2: 작성 가이드
B3: 항목 | C3: 작성 규칙 | D3: 비고
B4: 시나리오 단계 | C4: '[순번]. [화면/슬라이드 제목]' 형식으로 작성 | D4: 예) 1. 로그인
B5: 페이지NO/페이지명 | C5: '[화면ID] [화면명]' 형식으로 작성 | D5: 화면ID가 없으면'[화면명]'형식으로 표기
B6: 예상결과 | C6: 기능 단위로 묶어 능동태·현재형으로 서술, 정상/예외 케이스를 '-' 글머리로 구분 | D6: 1스텝=1탭 금지
B7: 예외 케이스 | C7: 네트워크 오류/세션 만료/뒤로가기/필수값 미입력/경계값/권한·URL 접근/빈 상태를 반드시 포함 | D7: 리스트 화면은 빈 상태·로딩 실패 필수
B8: 미확인 정보 | C8: 설계서에 없는 내용은 임의로 만들지 않고 '[추가 확인 필요]'로 표기
B10: 심각도 (Severity)
B11: 단계 | C11: 정의 | D11: 예시
B12: Blocker | C12: 서비스 전체 사용 불가. 즉시 수정. 릴리즈 블로킹. | D12: 화면 진입 전체 불가
B13: Critical | C13: 핵심 기능 중단. 우회 방법 없음. | D13: 필수 기능 완료 후에도 다음 단계 진입 불가
B14: Major | C14: 주요 기능 저하. 우회 방법 존재. | D14: 상태 반영 오류
B15: Minor | C15: 부분 기능 이상. 사용에 큰 지장 없음. | D15: 안내 문구 오탈자
B16: Trivial | C16: UI/UX 미세 이슈. 기능 영향 없음. | D16: 여백 1px 차이
B18: 우선순위 (Priority)
B19: 단계 | C19: 정의 | D19: 심각도 연동
B20: P1 | C20: 즉시 수정. 현재 스프린트 블로킹. | D20: Blocker / Critical
B21: P2 | C21: 이번 스프린트 내 수정. | D21: Major
B22: P3 | C22: 다음 스프린트 수정. | D22: Minor
B23: P4 | C23: 여유 시 수정. 추적만 유지. | D23: Trivial
B25: 오류 구분
B26: 항목 | C26: 정의
B27: 에러 | C27: 시스템 또는 기능 오류
B28: 변경 | C28: 기획/디자인 변경 요청
B29: 미적용 | C29: 재현 불가 또는 추가 확인 필요
B30: 기획 | C30: 기획 수정 필요
B31: 디자인 | C31: 디자인 수정 필요
B32: 마크업 | C32: 프론트엔드 마크업 수정
B33: 개발 | C33: 백엔드/API 수정
B35: 재현율
B36: 단계 | C36: 정의
B37: 100% | C37: 항상 재현됨
B38: 75% | C38: 대부분 재현됨
B39: 50% | C39: 간헐적으로 재현됨
B40: 25% | C40: 드물게 재현됨
B41: 재현불가 | C41: 재현되지 않음
